;tsne1;tsne2
0;-33.991207;2.7953296
1;-24.830296;-0.58253825
2;-23.983858;-0.15671805
3;-32.852528;2.9055922
4;-23.52668;0.59735477
5;-21.807045;-4.4027853
6;-12.347089;-31.72115
7;-29.225502;-0.9379379
8;-35.368748;4.655816
9;-33.36425;16.20308
10;-32.722553;14.5255995
11;-31.969793;15.156742
12;-31.831375;15.2382
13;-32.725395;11.763422
14;-2.5497944;16.085995
15;-33.36447;11.622834
16;-33.715847;12.985143
17;-33.379223;15.024765
18;11.905633;1.0512114
19;12.843826;0.9140899
20;11.53897;0.13629527
21;11.21446;0.123844855
22;9.205458;-16.20615
23;9.216167;-16.209549
24;-10.842808;-25.09094
25;-12.8108635;-27.508028
26;-12.632555;-27.451048
27;-9.496097;-12.166846
28;-9.659122;-11.800772
29;-8.837305;-11.338512
30;-9.14155;-10.7330065
31;-9.491781;-10.345811
32;-19.594734;-31.362215
33;-8.708757;-15.780393
34;-13.022054;-20.28895
35;-12.525067;-19.496222
36;-8.446917;-6.029522
37;-8.35249;-4.949976
38;-8.664341;-5.0268936
39;-8.659037;-1.2841265
40;-8.635274;-1.3483921
41;-18.585934;-29.962675
42;-19.30867;-30.415968
43;-19.812325;-30.31863
44;-8.451182;-2.993628
45;-9.987965;-4.560945
46;-10.742507;-5.691142
47;-10.56696;-6.1348376
48;-11.629476;-4.528756
49;-11.923066;-3.5395744
50;-11.750319;-3.4037316
51;-11.960695;-5.942384
52;-9.401679;-6.1462374
53;-9.659882;-6.8207574
54;-26.411076;-4.1777406
55;-27.146069;-4.2906713
56;-25.255302;-4.0722666
57;-24.948929;-4.3801827
58;-35.629116;6.026269
59;-17.628096;-31.266819
60;-15.369679;-32.273003
61;-34.678997;7.3968186
62;-35.195988;6.1746297
63;-19.65686;-3.255991
64;-19.373177;-3.3118293
65;-17.43465;-3.1102884
66;-17.42367;-3.1195989
67;-16.765602;-33.147324
68;-16.87363;-33.906906
69;-32.25711;-10.670491
70;-32.27096;-10.769307
71;-8.794783;-27.013704
72;-24.099981;-3.414315
73;-11.122413;-18.45669
74;-21.30375;0.28361827
75;-21.621258;-0.06807064
76;-22.158106;0.14463143
77;-16.576971;-32.2023
78;-22.497972;-1.8671439
79;-17.226276;-32.21305
80;-22.545732;-1.8216112
81;-16.988111;-5.5160074
82;-17.85951;-5.7613544
83;-18.216736;-5.865487
84;-16.919064;-5.0144
85;-10.191235;-27.938807
86;-11.609584;-28.459593
87;-17.8317;-7.870438
88;-18.519283;-7.363402
89;-10.621879;-28.199148
90;-30.02644;24.883877
91;-29.659878;25.233227
92;-31.28488;24.834352
93;-30.996868;24.697306
94;-37.95907;28.685192
95;-48.947662;2.0148683
96;-38.50399;29.5861
97;-41.552452;18.270264
98;-42.158657;18.211924
99;10.988183;12.512339
100;11.343807;12.622327
101;11.099516;13.061502
102;9.966465;12.9123955
103;-1.7811462;19.59117
104;-21.898176;-4.9212813
105;-2.3743768;19.285969
106;-1.8416408;19.270927
107;-21.859894;-23.239925
108;-43.873783;-11.229496
109;-44.338394;-11.34089
110;-39.284256;-14.877785
111;-19.229195;28.233585
112;-39.515137;-14.764453
113;-18.575602;28.241049
114;-15.26985;24.988674
115;-17.828321;25.653027
116;-17.835146;25.826958
117;-12.419525;17.008541
118;-26.997475;3.5794628
119;-27.465221;2.7934506
120;-16.588083;-20.981981
121;-24.65668;3.0701697
122;-25.377491;2.9252746
123;-26.29094;2.08132
124;-26.890642;1.9613719
125;-27.417957;0.94115824
126;26.892632;-22.658756
127;26.15745;-23.98485
128;26.148245;-23.817196
129;8.568999;-11.574451
130;8.112807;-12.143225
131;14.311185;-10.359852
132;8.578064;-12.604129
133;12.680085;-10.35952
134;15.838288;-10.079988
135;21.261843;-14.704342
136;21.242786;-14.146025
137;22.008762;-14.718235
138;22.292095;-14.300663
139;19.124708;-12.423346
140;15.360954;-11.269848
141;19.356571;-12.668903
142;15.207718;-12.239509
143;14.86233;-11.875148
144;53.059166;-27.483028
145;57.04563;-25.146276
146;54.14788;-27.270344
147;53.12645;-26.751575
148;53.479355;-26.317247
149;46.518448;-12.773344
150;46.783268;-13.233097
151;44.90444;-11.023501
152;47.350727;-13.220496
153;57.370255;-28.936148
154;57.047466;-28.70933
155;55.730293;-27.707947
156;55.709896;-27.235455
157;56.7562;-26.412182
158;54.600487;-26.609915
159;48.11305;-10.750939
160;47.018112;-10.908178
161;46.954105;-11.410779
162;54.29517;-28.436071
163;53.64435;-29.21332
164;54.374447;-29.860298
165;58.3152;-26.030716
166;53.511166;-30.24326
167;52.939423;-29.64536
168;45.228764;-13.694798
169;45.358;-13.372055
170;45.415146;-8.2453375
171;36.561954;19.533268
172;27.730497;-4.0839076
173;12.556106;-14.138807
174;26.262411;-4.07549
175;27.19316;-4.325529
176;26.18994;-5.6573896
177;13.084481;-13.937756
178;11.970689;-14.63802
179;27.21696;-4.776968
180;12.988479;-22.127253
181;12.746025;-22.413898
182;12.818757;-21.909399
183;17.583055;-22.504868
184;11.23292;-29.95941
185;11.339135;-30.149542
186;9.913926;-30.3176
187;9.538947;-30.543644
188;9.471033;-29.84749
189;37.446613;10.728134
190;38.09657;10.7522745
191;36.96891;10.028072
192;37.854206;9.183735
193;38.239223;9.84156
194;37.19247;9.133337
195;47.50702;-6.7752137
196;47.48369;-6.6342826
197;46.896004;-3.4624379
198;7.8338013;7.5289636
199;7.621375;8.168768
200;8.384727;8.268958
201;8.706916;7.63992
202;6.752558;6.848291
203;8.323195;6.5935736
204;7.6028914;6.4731073
205;5.556107;5.8513665
206;5.2779627;5.6169934
207;12.413771;4.224548
208;12.122523;5.432782
209;12.143902;5.247892
210;15.696401;8.48328
211;15.475738;8.825589
212;15.260694;8.4490385
213;11.440864;3.3312447
214;14.49442;4.973092
215;10.928212;4.3226237
216;55.357037;-11.655751
217;55.11605;-11.980668
218;54.870586;-3.4277122
219;51.363594;-4.9830656
220;55.241364;-2.694908
221;54.63496;-2.8012648
222;51.0628;-5.2776623
223;52.491886;-3.578443
224;52.70892;-3.4456732
225;69.268715;5.7710433
226;68.218636;4.6601596
227;68.71927;4.6985025
228;69.59545;6.51724
229;68.57657;6.4010353
230;67.981346;5.719599
231;67.80999;6.935539
232;67.03179;6.1434817
233;68.72729;7.3225145
234;-38.730717;25.58933
235;-39.749344;25.922205
236;-38.793392;25.137552
237;-35.54125;24.983479
238;-48.176712;25.568693
239;-38.641834;27.015837
240;-40.49628;27.188993
241;-40.126476;28.078398
242;-38.871616;27.398886
243;-41.364616;11.119077
244;-48.344704;24.977566
245;-40.90958;8.577714
246;-40.669334;8.634478
247;-41.246048;14.90231
248;-40.957592;14.646363
249;-41.725803;13.940322
250;-40.64344;13.577218
251;-36.69644;9.249268
252;-38.878326;0.09413823
253;-38.63134;0.49100015
254;-37.97262;1.7476926
255;-37.003372;2.0394707
256;-37.372814;2.1105068
257;-39.602734;-0.756444
258;-39.600067;15.275232
259;-39.350605;2.1984735
260;-53.341278;13.496875
261;-34.53122;30.799322
262;-33.304688;31.428236
263;-32.896908;29.665703
264;-32.65866;30.488266
265;-33.531963;30.82169
266;-33.827457;28.908892
267;-34.85617;29.797144
268;-32.67019;28.752565
269;-33.83875;29.671711
270;-44.3407;5.054685
271;-43.651764;5.83787
272;-44.60831;6.4401927
273;-44.685253;5.7929525
274;-43.278145;5.163534
275;-43.5424;7.002744
276;-42.23821;6.742737
277;-42.486034;5.689971
278;-43.02269;6.491801
279;-48.845825;11.156439
280;-49.008076;11.975416
281;-49.639137;12.15403
282;-46.722122;9.912159
283;-47.26923;9.71498
284;-48.10447;9.957813
285;-47.379333;11.401866
286;-46.819477;11.371866
287;-47.8311;10.806927
288;17.918232;-33.115982
289;32.367058;-8.635167
290;36.105747;-4.619175
291;-36.598408;32.916924
292;17.692253;-25.32592
293;19.5725;-22.602545
294;19.967308;-23.970839
295;-37.364708;33.221184
296;20.104681;-21.597427
297;-28.420126;9.630906
298;-29.741835;8.49271
299;-29.490826;9.008051
300;-28.944702;8.098531
301;-28.977468;7.776675
302;-7.3375998;11.2647505
303;-7.547288;11.154279
304;-7.217975;12.479509
305;-5.9213953;10.513691
306;23.491875;-19.14162
307;22.89897;-18.42025
308;21.511326;-17.945969
309;21.953318;-18.253807
310;22.119774;-17.62348
311;23.232046;-17.469938
312;17.897032;-9.175605
313;17.455906;-9.494626
314;17.925291;-9.815542
315;53.927002;-17.252771
316;53.71839;-16.213701
317;53.31971;-16.865921
318;54.30581;-16.691135
319;51.423573;-16.483624
320;50.31926;-15.652512
321;51.16253;-15.181685
322;50.758198;-16.18318
323;51.470486;-15.659094
324;46.822315;-20.785572
325;47.015682;-21.211233
326;47.951447;-19.992056
327;48.325745;-20.128294
328;47.844894;-20.97784
329;46.625286;-16.01367
330;45.982178;-15.792007
331;45.582767;-15.699419
332;48.950832;-17.377094
333;35.200275;-23.0762
334;49.09003;-30.574055
335;37.265434;-27.235777
336;37.261055;-27.259277
337;20.671053;-5.356915
338;50.137024;-30.639143
339;34.735558;-21.894867
340;50.892155;-30.622017
341;50.83956;-30.168804
342;35.80593;-31.16746
343;36.219994;-30.632336
344;35.93808;-31.78863
345;36.876213;-31.283972
346;36.691246;-32.182835
347;37.109406;-14.383513
348;38.81588;-8.800928
349;-35.65623;-5.959225
350;-35.645393;-6.1112285
351;63.094986;-12.771558
352;63.258953;-13.592315
353;63.239582;-12.023552
354;63.884712;-13.193441
355;62.68071;-16.593744
356;63.119568;-16.81183
357;63.303127;-16.226349
358;64.02028;-17.270346
359;63.585667;-17.695103
360;43.240532;-26.791906
361;42.774284;-26.78887
362;42.292023;-26.396093
363;43.045784;-25.781282
364;43.607407;-25.112394
365;42.00971;-27.462833
366;41.13134;-28.873268
367;41.34369;-28.622538
368;44.10419;-14.367205
369;35.098015;25.743172
370;34.86186;26.216913
371;34.553818;25.284851
372;35.674957;25.608646
373;35.0345;24.590567
374;0.092941225;-32.56823
375;1.3767798;-28.383442
376;1.9407259;-28.163004
377;3.301545;-27.779104
378;66.53392;3.7903335
379;66.041725;4.9914064
380;60.53636;-17.04222
381;60.61255;-17.034544
382;66.43634;3.548374
383;43.098476;-3.3252602
384;31.74197;-9.999858
385;42.58896;-3.6332128
386;42.500805;-3.4363592
387;30.685856;20.806322
388;30.014559;20.408218
389;31.139507;19.890057
390;31.34474;20.378914
391;30.611397;19.721724
392;-20.191378;3.4058044
393;-19.94931;3.5042884
394;-36.444885;-16.090134
395;-36.451702;-16.081635
396;-30.620945;32.42219
397;-31.343576;31.62325
398;0.63088864;-16.270855
399;-31.17229;30.637445
400;-30.561232;30.22116
401;1.2611165;-15.29127
402;-29.727522;31.43612
403;1.5973455;-17.109688
404;1.5912632;-15.922888
405;-10.452312;20.785664
406;-11.31273;20.321682
407;-10.880666;21.467655
408;-9.549173;21.22043
409;-9.511167;21.310877
410;-21.57993;-8.084776
411;-30.458012;-5.075759
412;-30.159122;1.5517796
413;-23.164932;-7.985636
414;-16.79707;19.258234
415;-17.567451;18.478603
416;-18.135553;19.50082
417;-18.055593;18.496582
418;-17.421991;19.847971
419;-7.5867143;-12.666461
420;-19.63116;18.602169
421;-12.839889;-12.47002
422;-13.107724;-12.235289
423;-21.170359;15.965717
424;-19.989239;16.099941
425;-20.333351;15.482589
426;-21.224627;16.6624
427;-56.718987;24.229893
428;-22.207354;14.717347
429;-22.170357;15.51015
430;-21.529797;14.641088
431;-20.786654;14.343082
432;-6.096587;-8.597548
433;-5.743775;-8.674962
434;-5.2368436;-8.174428
435;-4.7250457;-11.795597
436;-5.7465816;-11.190655
437;-4.482357;-10.987231
438;-4.266529;-12.238609
439;-4.983216;-12.515457
440;-5.599295;-11.9244795
441;-7.874293;30.553673
442;-9.369645;30.00821
443;-8.600837;30.697924
444;-4.330731;-6.7836556
445;-4.4922404;-6.55669
446;-5.6104198;-5.7548976
447;-8.16793;29.73077
448;-8.718299;29.434277
449;-9.240435;30.90515
450;-24.15358;8.090259
451;-24.825932;7.393477
452;-24.208008;7.4924507
453;-25.643978;6.381731
454;-25.56033;6.8730583
455;-22.990026;5.7653427
456;-23.522799;7.090271
457;-20.881317;5.323928
458;-24.147001;6.121942
459;-15.144369;8.140217
460;-15.137263;7.0511293
461;-14.955953;7.1314063
462;-13.633209;8.130725
463;-10.626187;-21.458563
464;-10.824915;-22.010328
465;-10.890404;-22.39131
466;-10.0683775;-20.166183
467;-15.787987;5.5683517
468;8.795821;-2.175452
469;7.4839735;-2.1329477
470;7.405307;-3.2627177
471;7.7720923;-2.989896
472;8.406557;-5.3392115
473;7.8718543;-5.298859
474;7.431671;-5.5924487
475;3.7572432;-5.8378067
476;2.361311;-5.7526293
477;39.22219;-31.803696
478;40.036716;-32.259594
479;39.865658;-31.477432
480;39.554604;-32.650623
481;40.298603;-30.806482
482;33.892544;-5.6969967
483;35.374397;-6.049397
484;36.535454;-5.94792
485;35.846584;-5.5857797
486;10.134579;-23.120556
487;8.791143;-22.308731
488;9.133328;-22.280592
489;9.710515;-23.76203
490;9.210229;-23.10889
491;9.202753;-27.12927
492;10.0019;-26.121151
493;8.107481;-27.65053
494;8.201736;-27.616352
495;-67.19662;4.1525054
496;-67.12961;4.994191
497;-66.345634;4.6707253
498;-66.312164;4.0128293
499;-65.583176;3.1744485
500;-67.34164;3.390187
501;-67.98711;4.6175323
502;-55.68308;10.206717
503;-42.056152;13.778979
504;24.536835;-21.19111
505;23.541168;-20.200592
506;24.840694;-20.696466
507;5.5059285;-17.13772
508;11.994692;-8.382475
509;12.444662;-8.376099
510;21.114017;-9.518601
511;20.774303;-9.516423
512;5.5879188;-17.029417
513;61.495247;-1.8981146
514;61.745724;-1.3008354
515;62.40706;-2.4544902
516;61.990757;-2.6538265
517;61.58986;-2.874067
518;3.040573;-40.064934
519;3.3208466;-40.048794
520;0.97198486;-40.115726
521;0.29684067;-40.01331
522;-9.818263;15.038858
523;-10.341504;14.875321
524;-9.723671;14.051076
525;-10.032486;13.707547
526;-9.114851;15.578933
527;-0.14941186;0.6283929
528;-0.1580254;0.6171206
529;0.4315608;0.14006351
530;-17.517872;5.039688
531;-11.075887;10.104182
532;-11.911178;9.578854
533;-12.530197;9.810807
534;-11.417918;10.435412
535;6.5774364;0.65319085
536;-14.587559;3.5652199
537;0.3518187;-8.413666
538;0.30098784;-8.837696
539;9.430976;1.3982247
540;-13.38698;13.49034
541;-13.910324;13.08245
542;-13.176307;13.6867075
543;-4.7896743;9.413371
544;-4.9523907;7.928961
545;-9.47876;6.7173524
546;-9.720737;7.3149366
547;-8.938961;7.4577303
548;-8.125882;7.333414
549;10.058974;-0.7420292
550;10.545154;-3.1908937
551;10.472444;-2.9194798
552;10.261236;-1.264703
553;-7.4647894;-24.463003
554;12.354661;-3.782954
555;13.217932;-3.4467769
556;11.906744;-2.519412
557;11.5099945;-1.9227971
558;61.944572;22.808556
559;61.973232;22.20437
560;63.171185;22.950445
561;62.700523;23.749477
562;64.02732;23.427908
563;63.667763;24.001354
564;64.12342;22.40205
565;63.819912;21.795977
566;63.193813;21.861088
567;-0.088366486;5.3638387
568;1.3448464;5.4849277
569;0.66441023;5.6824303
570;1.1310315;6.452939
571;-2.6278129;7.703682
572;-1.0108918;7.3697863
573;-0.2097792;6.279559
574;-1.064942;9.480931
575;-2.4694014;8.132006
576;22.21518;-28.197079
577;21.802626;-28.28311
578;21.450666;-28.335262
579;-5.9308076;-19.394123
580;5.277806;-11.746928
581;5.751721;-11.6898775
582;5.7774587;-10.99895
583;6.468402;-10.711949
584;5.108191;-10.771458
585;-44.93285;21.555103
586;-44.74559;22.61834
587;-44.626755;22.845642
588;3.536348;15.418845
589;-12.959734;-32.942116
590;-13.545778;-32.617638
591;-37.3301;7.1719427
592;-36.470795;7.9828296
593;-37.721706;8.786497
594;25.150948;29.354576
595;25.784107;30.349566
596;26.053658;29.630013
597;26.111012;28.937965
598;25.944382;28.208641
599;25.458609;28.486216
600;-24.704912;-17.820902
601;-25.235622;-18.227566
602;-23.905474;-17.274185
603;-13.901725;9.998889
604;-15.9962435;12.537673
605;-16.696457;12.787159
606;-18.07729;11.108517
607;-18.045559;11.733484
608;-17.319662;12.047745
609;-18.056656;9.570635
610;-12.32614;6.770581
611;-17.76286;9.278651
612;26.821808;-18.37462
613;26.513983;-17.568785
614;26.847929;-17.953375
615;25.500029;-11.135629
616;25.322073;-10.91587
617;3.963825;-30.309156
618;25.389149;-10.027911
619;3.7090526;-30.373863
620;25.680912;-9.543084
621;73.78344;16.580868
622;73.04993;16.910046
623;72.473465;17.023418
624;73.16449;15.980655
625;71.46121;14.633229
626;72.40482;15.155699
627;72.71739;14.426842
628;71.7948;15.82743
629;70.97095;16.21166
630;-16.911394;1.4116874
631;-17.291067;1.7983186
632;-31.317019;3.039468
633;-34.258728;0.568841
634;-33.93785;0.6671141
635;-32.982395;0.5707295
636;-32.77395;2.141833
637;-12.622284;-30.59805
638;-19.788654;0.45152798
639;39.08166;-4.9371023
640;27.204788;-28.966656
641;26.083164;-30.700348
642;26.215023;-30.42697
643;-20.014374;-21.526852
644;-20.088938;-21.57369
645;28.374517;-33.352867
646;28.464827;-33.508614
647;-13.96944;24.309443
648;-32.122555;22.600477
649;-32.64038;21.098639
650;-32.336155;22.1644
651;-30.546404;20.719347
652;-32.08363;20.912302
653;-32.957066;17.254358
654;-32.716316;19.453451
655;-28.708448;19.682404
656;-28.629267;19.567871
657;36.824974;-22.700493
658;36.776615;-22.614048
659;37.709465;-23.17531
660;34.260986;-7.708322
661;33.686813;-7.794431
662;2.0871317;-25.565144
663;31.9552;-7.0994935
664;31.668324;-8.05969
665;32.449287;-7.6796503
666;28.949;27.439964
667;28.85694;27.290735
668;-3.36284;-31.448765
669;-2.9665318;-29.626375
670;-36.363422;19.980373
671;-1.6643075;-26.869965
672;-0.68891454;-39.726444
673;-0.46327835;-27.387026
674;-0.8458259;-27.697195
675;28.743446;25.655037
676;28.489971;25.855225
677;-2.133845;-30.070261
678;-2.1639574;-32.667583
679;-15.474841;-34.39997
680;-1.2738725;-29.199108
681;-1.6724637;-32.368244
682;-2.0967858;-29.438759
683;-2.2625263;-31.088142
684;-18.422207;-12.522125
685;-17.000753;-11.202699
686;-17.991663;-13.383644
687;-17.882065;-13.135511
688;-20.051168;-11.993821
689;-19.547756;-13.4872265
690;-19.661598;-14.220818
691;-21.063787;-14.444229
692;-20.252924;-14.913756
693;-5.7883964;4.902547
694;-4.5447626;3.5579062
695;-5.285927;3.7334626
696;-4.8947453;4.708694
697;-5.815217;2.8889654
698;-13.46545;-16.654478
699;-3.347914;4.5283613
700;-4.4003615;4.237417
701;-2.7132182;4.0049877
702;22.41095;-20.967121
703;22.202316;-22.493725
704;22.959503;-22.29376
705;22.079706;-21.885857
706;34.00755;-28.14118
707;-3.5992146;-16.46646
708;-3.6915336;-16.567774
709;8.682287;-6.498338
710;29.667662;-7.891307
711;-41.82479;32.64728
712;-42.17876;32.993855
713;-40.81056;32.450462
714;-41.550194;33.33387
715;-39.99822;32.582336
716;-44.51764;31.543142
717;-44.060226;31.54867
718;-43.210835;32.134163
719;-41.066128;30.49026
720;-0.09031456;18.367695
721;-1.4479493;15.683573
722;-1.4801269;15.556939
723;-2.0713046;14.41712
724;-15.970396;-2.5450492
725;-14.434431;-29.618666
726;-14.568706;-29.496054
727;-16.372856;-0.75735724
728;-16.454405;-0.5982625
729;-5.2646217;31.829956
730;-5.679168;30.715359
731;-16.90409;-26.824327
732;-18.240685;-26.801088
733;-5.468008;28.46665
734;-5.6028423;28.83512
735;-4.725709;30.4323
736;-4.633213;30.324373
737;-18.71756;-27.312967
738;41.76747;-9.952777
739;41.985405;-10.016069
740;42.417473;-8.775419
741;40.77568;-8.9454565
742;40.975563;-6.5604315
743;39.34478;-7.1174355
744;39.247948;-7.0761027
745;6.147621;33.955627
746;-13.954465;-21.791155
747;25.1475;8.254325
748;24.701214;8.051149
749;23.587559;7.561535
750;-9.312371;-16.831825
751;-9.400987;-17.097868
752;-7.7245936;-16.83271
753;-7.079154;-18.65639
754;-7.595833;-18.768074
755;4.3076715;-9.188585
756;33.20422;13.64645
757;33.193336;16.727812
758;-34.502758;-18.440214
759;-35.59467;-17.418661
760;40.490257;-12.387428
761;40.68748;-11.952372
762;29.469278;0.15802719
763;29.42971;0.17506275
764;-35.930855;-16.970617
765;39.479053;5.904325
766;39.61348;5.463384
767;40.172375;4.823341
768;40.32853;4.516242
769;47.674267;2.9544134
770;47.58699;3.0297003
771;47.23345;3.6081579
772;41.72656;2.7105236
773;41.78741;2.6676762
774;23.281652;7.4909678
775;6.259961;16.114115
776;5.87565;16.168842
777;5.3291574;15.950237
778;33.74564;-15.082434
779;-4.733464;-23.098213
780;-16.143007;-29.07536
781;-16.142893;-29.271852
782;-4.9282336;-22.132624
783;35.928505;21.073353
784;36.50048;21.472908
785;37.030186;21.283983
786;36.713116;20.767408
787;-22.938154;-28.792574
788;-22.991732;-28.754673
789;16.795313;-19.721634
790;17.409443;-17.780964
791;17.310247;-18.069136
792;32.23562;11.006681
793;33.522896;10.91932
794;33.22226;10.062435
795;32.300175;9.093008
796;31.39186;10.087661
797;-14.787944;-26.44983
798;37.26014;-12.67875
799;38.024242;-12.525194
800;38.587498;-12.377585
801;28.531597;21.648567
802;28.375278;22.286533
803;27.652489;21.990946
804;27.641499;21.54421
805;6.237348;21.155643
806;6.7184153;21.093634
807;-33.83982;7.7850366
808;7.263689;20.99277
809;6.490415;22.49948
810;29.84808;-20.359812
811;30.06905;-19.462814
812;30.42852;-18.085438
813;28.844578;-13.546423
814;30.029448;-13.577433
815;29.755003;-13.474491
816;30.0561;-12.657489
817;29.749428;-15.812458
818;30.839668;-14.805843
819;35.001736;13.798117
820;36.111835;13.213384
821;36.50692;13.456659
822;36.22054;12.132788
823;35.551323;11.578539
824;34.237747;12.22448
825;34.833214;12.87159
826;-56.209877;25.615662
827;-9.588219;-24.691896
828;36.120037;-38.039906
829;35.77173;-38.269157
830;36.08037;-36.929333
831;36.05037;-37.02979
832;34.277275;-40.573246
833;32.0644;-41.02337
834;33.801056;-41.23528
835;34.6362;-41.387478
836;34.1053;-41.645424
837;-59.14085;-19.946892
838;-59.413414;-19.24355
839;-58.975277;-20.689375
840;-58.754517;-20.095749
841;-60.094563;-20.386934
842;-56.857956;-15.51269
843;-57.12516;-18.597523
844;-57.3909;-18.732834
845;-56.102375;-15.173905
846;-60.536564;-6.8900127
847;-61.447174;-6.0367985
848;-59.71646;-7.2002606
849;-47.880077;-11.874741
850;-31.85825;5.123215
851;-49.22225;-11.861153
852;-47.68899;-11.867049
853;-46.234474;-11.656131
854;-52.190628;-10.122359
855;-58.728195;-7.464072
856;-57.499035;-6.1864448
857;-57.587532;-9.331242
858;-58.146305;-9.044299
859;-55.529663;-11.317284
860;-55.42149;-12.311585
861;-59.063896;-14.031436
862;-58.971195;-14.021072
863;-55.52727;-13.580184
864;-58.742332;-5.2344913
865;-52.926525;-12.585701
866;-54.143147;-12.800502
867;-54.325565;-11.314742
868;-51.245327;-13.8944025
869;-52.775803;-11.129505
870;-53.15041;-13.995383
871;-52.79289;-13.4661045
872;-51.716125;-13.3018875
873;-61.198574;17.924492
874;-60.771652;17.615324
875;-62.70034;18.401108
876;-61.1555;17.002378
877;-61.954575;17.744598
878;-52.374626;16.417902
879;-55.93229;23.585571
880;-55.379898;24.029669
881;-55.228912;23.676243
882;55.57601;-10.183407
883;56.731518;-9.667452
884;56.402744;-10.223747
885;56.047237;-9.481698
886;54.075493;-8.308579
887;53.62967;-8.906957
888;54.034393;-9.126662
889;53.269337;-9.7607765
890;55.953056;-2.2127151
891;71.136856;20.991
892;70.23091;20.687136
893;70.45412;21.50231
894;71.60797;21.627304
895;71.16887;22.258633
896;70.27948;22.453617
897;69.67725;21.768213
898;63.205254;9.660944
899;63.228794;9.65589
900;77.63883;18.69064
901;77.86192;20.124601
902;77.14772;19.826859
903;76.676346;20.933807
904;77.46705;21.081612
905;76.18228;19.999788
906;76.76323;19.170307
907;78.12137;19.387875
908;76.480515;18.235676
909;55.023922;5.542275
910;55.528534;5.136773
911;54.612564;2.8655257
912;54.196156;5.970065
913;54.28127;7.215849
914;54.499985;6.747762
915;54.616627;2.8200812
916;54.731243;4.37925
917;53.27466;5.6323147
918;-26.253326;-11.393926
919;-26.151712;-9.546514
920;-27.150343;-11.951679
921;-26.842781;-9.53798
922;-26.977499;-13.433188
923;-27.712662;-8.11817
924;-27.454868;-13.084143
925;-27.650488;-13.117167
926;-27.475815;-8.542131
927;-39.960915;21.17069
928;-39.573402;21.534966
929;-41.44589;22.977753
930;-41.81092;19.672918
931;-41.55171;22.121475
932;-40.354183;22.25797
933;-39.579823;36.58319
934;-39.575367;36.602192
935;-41.585567;23.532473
936;24.48604;-25.180904
937;1.9722445;-13.843038
938;3.2147965;-14.648993
939;2.8209302;-16.242842
940;3.7488644;-14.474559
941;3.3045628;-18.947865
942;-35.881176;35.87019
943;-36.045155;35.911446
944;-36.88684;36.473957
945;-33.761826;-1.3020053
946;-34.232964;-1.3623471
947;-33.74778;-2.2265418
948;-33.23049;-0.6898142
949;-31.145721;-3.726526
950;-31.159765;-3.761599
951;-34.71467;8.589827
952;-34.28735;12.833275
953;-22.103384;-22.180521
954;-12.979728;6.4497137
955;-11.175721;1.3547063
956;-11.221089;1.8965416
957;-9.152355;-18.835808
958;-11.37138;3.7772481
959;-16.087229;-17.893484
960;-11.353643;3.3992898
961;-16.30042;-24.719154
962;-15.792275;-23.963554
963;32.522293;-26.772896
964;32.45235;-26.884512
965;33.016777;-26.144077
966;36.264854;-8.124103
967;35.617268;-12.368779
968;36.645733;-10.68905
969;36.83057;-10.623235
970;-4.4796324;-21.603868
971;35.107895;-12.773631
972;33.125477;-30.695446
973;33.145363;-30.723276
974;33.904892;-32.92167
975;33.56273;-32.9029
976;32.601406;-2.280367
977;-37.903282;9.935195
978;34.090164;-2.0274186
979;33.685417;-2.3467424
980;33.726364;-2.695701
981;34.40824;-19.006512
982;34.18136;-19.543705
983;33.177975;-19.46408
984;33.28897;-19.90345
985;29.740803;-10.809535
986;33.65456;-9.925982
987;32.63893;-12.181056
988;32.444977;-12.609408
989;34.313824;-9.973442
990;30.671446;-23.895353
991;29.813519;-22.027903
992;29.720753;-22.060345
993;31.175169;-23.683512
994;32.253162;-13.69938
995;-0.5690941;-20.562204
996;-0.6498445;-20.612764
997;32.140083;-14.31395
998;40.16838;-10.402234
999;27.211084;13.790991
1000;-6.9950476;15.91717
1001;27.360317;13.766089
1002;-12.296357;-23.423643
1003;-9.244813;-22.145956
1004;-12.597644;-23.869728
1005;-13.195117;-25.523083
1006;-14.126094;-25.62528
1007;-14.036715;-25.53001
1008;76.72366;15.111513
1009;75.30045;14.806317
1010;75.06279;14.176422
1011;75.740776;15.722552
1012;76.40017;12.864681
1013;74.92975;13.315153
1014;77.15194;14.057032
1015;75.97368;13.766334
1016;76.41634;14.316275
1017;61.056973;26.204884
1018;60.435482;25.916124
1019;61.476265;25.224596
1020;60.659622;27.122803
1021;60.057556;26.782429
1022;59.049347;24.250515
1023;58.96128;25.335333
1024;60.378906;24.672585
1025;60.210613;24.108767
1026;-64.130486;17.36549
1027;-63.75452;17.886333
1028;-64.16259;18.590487
1029;-64.56711;18.216545
1030;-52.142952;10.97144
1031;-52.236317;11.076728
1032;-50.84103;23.966879
1033;-52.94565;12.400535
1034;-50.653404;24.022741
1035;20.594809;-6.614141
1036;14.469911;-8.0582
1037;20.579214;-7.682745
1038;14.896721;-7.515309
1039;41.623283;18.977465
1040;40.83585;18.725756
1041;41.164772;18.222805
1042;40.275658;18.132816
1043;40.573017;19.136652
1044;49.18367;19.423986
1045;49.159485;19.44483
1046;49.356533;1.2145768
1047;50.192253;1.6629139
1048;50.562782;1.9473999
1049;51.039158;10.829443
1050;51.04255;10.810205
1051;49.927685;13.273574
1052;49.96692;13.19873
1053;54.435066;21.058777
1054;53.08633;22.036411
1055;55.795357;22.37594
1056;57.07955;20.691362
1057;57.15538;20.494167
1058;54.42964;19.511564
1059;54.452106;19.801334
1060;54.161293;21.926075
1061;54.728603;21.630665
1062;-64.47739;10.708462
1063;-65.38038;9.542625
1064;-64.38592;9.220041
1065;-64.898224;9.930409
1066;-65.22024;10.596907
1067;-63.90765;10.122348
1068;-62.14816;10.614377
1069;-62.332005;9.129831
1070;-62.036575;8.395562
1071;-21.159441;7.580542
1072;-20.887346;7.5474834
1073;-21.19695;8.692922
1074;-3.7536077;11.127686
1075;-29.568062;5.049721
1076;-28.812843;4.917372
1077;-28.760305;5.612096
1078;-22.247599;5.149725
1079;-29.378487;4.426921
1080;-57.763508;-3.9644525
1081;-57.0638;-4.167405
1082;-56.664585;-2.913484
1083;-56.98528;-3.295033
1084;-53.0171;0.5278218
1085;-49.705727;-3.454521
1086;-50.13156;-2.6497002
1087;-53.328186;-1.1825347
1088;-49.675106;-4.3109884
1089;30.043352;-32.584164
1090;-25.159645;23.992662
1091;-24.457636;23.86203
1092;-50.537086;2.8623314
1093;3.1261873;-1.306928
1094;-51.829533;1.9505634
1095;-42.617867;-5.0558424
1096;32.981827;-0.5861938
1097;-42.73032;-5.0868487
1098;-46.201946;-2.1648622
1099;-46.385742;-2.252956
1100;-50.746334;1.852448
1101;-50.541935;-1.2563993
1102;-48.122295;-2.87372
1103;-20.311115;29.767948
1104;-20.314487;29.639702
1105;-53.09612;-1.4285772
1106;-50.55164;0.3583782
1107;-53.500862;4.244284
1108;-52.805843;5.050407
1109;-52.842648;4.636059
1110;-56.067184;9.050193
1111;-56.071896;9.028067
1112;-51.44546;4.2947893
1113;-52.515995;6.1482806
1114;-52.88184;6.4367003
1115;-55.539787;8.219458
1116;-51.06554;8.950299
1117;-50.774834;6.9984164
1118;-50.782753;7.8499255
1119;-56.719933;10.490224
1120;-49.729923;7.470693
1121;-48.14243;7.0163302
1122;-48.544758;6.5373945
1123;-48.705948;7.3361173
1124;-49.5295;6.5643725
1125;-62.18983;-5.2359505
1126;-49.929108;-8.169236
1127;-49.95205;-8.029916
1128;-52.836052;-5.8107843
1129;-54.801914;-9.655435
1130;-52.669277;-6.287005
1131;-53.70082;-6.788339
1132;-51.24396;-7.012176
1133;-50.719746;-6.2157435
1134;-47.69231;18.009495
1135;-48.1403;18.279158
1136;-47.852985;19.782457
1137;-47.21808;19.366148
1138;-48.16929;19.063835
1139;-45.25147;17.424936
1140;-46.076736;20.32807
1141;-46.65826;19.992958
1142;-45.389545;17.313278
1143;-51.55201;18.158052
1144;-55.611008;19.733904
1145;-56.110672;20.86952
1146;-54.31507;20.43035
1147;-54.27976;19.425903
1148;-52.758305;17.141214
1149;-54.167698;18.6321
1150;-54.350517;21.517097
1151;-53.501007;16.676113
1152;17.591373;24.359978
1153;15.568001;23.95606
1154;16.976252;24.296877
1155;17.27046;23.653997
1156;16.3368;23.681004
1157;16.606983;24.928364
1158;-5.0757427;-19.542389
1159;1.3713717;-30.01611
1160;-4.0861597;-27.09335
1161;15.745552;1.2872914
1162;15.350695;3.3080158
1163;15.804681;2.6123405
1164;16.090206;1.8910258
1165;17.28331;1.7914019
1166;18.340176;2.5102432
1167;17.205124;0.9515841
1168;18.664314;3.7465534
1169;17.558725;2.8295286
1170;18.626139;19.353235
1171;18.919306;17.960608
1172;18.220016;18.044264
1173;18.259716;18.659626
1174;19.156437;18.672937
1175;19.210379;16.27632
1176;18.978674;13.323833
1177;18.744928;16.052376
1178;18.995888;15.255056
