;X;Y
0;14.266016391550139;0.12837014558819254
1;11.54319397729377;-2.050321152899157
2;11.91319390474291;0.7427209573854051
3;14.483747890455671;1.560441395226037
4;13.370855899296519;3.338018953556274
5;8.330104205847872;0.6348811471194112
6;9.078902794615606;-0.8811920713395534
7;11.934660987048598;1.60968188388068
8;13.077368998979862;1.0857785950542604
9;13.977972635944253;5.860827481627608
10;16.183366960904532;6.922780600889133
11;15.4771897204011;7.527698310573215
12;15.398137931992881;7.7024972222014885
13;9.780208289257745;3.4387258547587685
14;11.363856684436675;6.555567264639498
15;11.5746512613003;6.540864514001903
16;13.231539740982958;5.275281575788016
17;15.618832308996351;6.83025966947891
18;3.8790120960199084;8.148463480515632
19;1.991869378095536;9.940984959028793
20;4.859928459841621;11.036400096515893
21;4.324191134618393;11.499372097947662
22;3.5243231573879843;8.116919364200147
23;2.5856205541281545;7.433707148197733
24;3.656297939857455;3.514847745932831
25;4.329481251509753;5.198014500843074
26;4.439395049798558;5.058521670023612
27;5.30522122643821;-2.6333664918030686
28;5.607944965474841;-2.811062545651145
29;5.392143790539073;-0.839740189751347
30;7.338997207643507;-0.9676428092723797
31;7.652996277790057;-1.0320806450621238
32;0.41827960767966277;-3.615464434114608
33;3.8390979221668475;1.687729924420548
34;4.791984930909066;2.590410355133487
35;6.753316329996713;1.662326650588304
36;8.411635194550366;3.279807677236091
37;8.070292566313935;2.9252048677767566
38;8.036595242107964;2.638994075852429
39;10.613215253241949;6.324205093046292
40;8.173948171897033;5.813081501554459
41;0.6263396295080272;1.0551073803316713
42;2.131651283638222;-1.0638707882673921
43;2.7105863005663213;-0.9369848559996408
44;9.388158361920912;4.57941903343768
45;9.582690137118147;0.7160525568205228
46;9.857611551387297;-0.7474382837099945
47;9.517432604277719;-0.0822968787524401
48;10.133988295888127;0.3860535053328137
49;8.478076432070916;-1.5673158877982638
50;7.834583516009819;-2.0686107535254448
51;7.43953913668515;1.7366836438640663
52;9.819957439296532;2.1366960283373193
53;9.11060668894101;0.708238241748093
54;9.167741024057129;-1.0618872362906793
55;7.949574286589578;-3.805383478980782
56;9.988543355951712;-1.6535623450477743
57;7.291317741681056;-5.225388001479436
58;12.704144561381668;1.6471597340266828
59;4.249805157806639;-1.2736142982875074
60;7.672344461572453;0.8095545411876754
61;9.57734760894406;1.6134783165612414
62;11.93088167360262;0.530280815785593
63;5.01808434574042;-0.8960538371922775
64;4.153146877737063;1.8856726732674287
65;4.962223531231092;3.3358137914650814
66;4.911870882479473;3.693306825074841
67;5.48183157689469;-0.594880774962333
68;3.6215902839985157;-0.9666993779742382
69;6.973772152641777;2.2420506482446307
70;3.6807923650252956;2.637605319674374
71;5.32684820374691;-0.07827611541459138
72;9.58101061271559;-1.6378584730932222
73;7.258529121067433;1.6012414119095502
74;10.56625017071776;3.327140943536985
75;9.853742509481918;2.5349355624819716
76;10.342837201236463;1.812015398717521
77;5.381294960181896;-1.0264115105863452
78;10.618721256231224;0.50773668447542
79;3.8603085569874773;-1.7302427487653897
80;10.904364691113441;0.469736760403913
81;6.283704198319518;7.075993764536058
82;6.383256599182229;3.736116245737889
83;7.276588746218982;5.876204758515712
84;6.339935527081053;7.286007650186465
85;3.4987575784204323;0.9186466183323245
86;4.087739438758154;6.1573498985775466
87;2.9131103694477947;3.967028272328834
88;7.52146320828784;6.27755648608321
89;5.82760028800048;1.5518052131075957
90;8.003022852436997;-3.2772006623543692
91;7.735784899438126;-3.8335752944570625
92;9.526145617918404;0.4568612818663635
93;10.403461140610709;1.6516275373412912
94;10.82556307820248;-0.66415904361513
95;7.069697187006902;1.1727969577899764
96;4.809347636930969;-4.351902754025274
97;11.539271983581703;-1.8106909263950208
98;8.556750921017759;-6.106347894792982
99;1.1271881073226118;2.7838049935270637
100;1.1203712439071083;2.6935567583295166
101;1.0639034565865184;2.785284981820154
102;2.7637949660908414;1.5896400000640332
103;8.288239537594224;5.8237239975870905
104;6.932414083275275;0.9013260731864213
105;9.816337422358838;5.020151170111911
106;7.926654372606406;6.931193388917069
107;0.8772257645656952;0.3888530908054585
108;7.778942991051244;-5.019187102460331
109;6.961684724546095;-3.3972219670070696
110;5.583997896463353;-5.911943611541581
111;2.894836874576843;-2.9948428619383365
112;8.052236265504725;-6.887652939635737
113;4.201444106437322;-3.8339548033281448
114;5.088234313090848;0.45300915266284497
115;1.31332713354148;-6.329875342037521
116;1.2797417915328018;-4.4374080512231515
117;5.199361398900515;-5.935609908615314
118;11.87033071853191;1.7670484318216935
119;11.140290870403184;0.7965598504417779
120;7.936895852267532;-0.09958286756323968
121;11.393608263861827;0.04813429428696329
122;14.129040073410955;1.842026882919825
123;14.224107585037991;1.4248909066616429
124;13.00601362329866;3.2372034824025384
125;8.55775652646209;4.702715044542426
126;-5.945696506196212;7.292651489896189
127;-1.3239952429979385;5.799476129448794
128;-0.7780708566748846;6.9677092504667355
129;3.0145074331560915;10.699101535112217
130;3.2656003661920026;8.577643418644936
131;2.623666788915218;16.347383865903364
132;1.8371855465310871;9.221968413986259
133;2.6983543936251486;13.947329346053628
134;1.2501842317893384;17.066545348192943
135;-6.209453075451843;10.247107659925655
136;-5.5253845500754455;11.725467990794083
137;-7.489314457204188;9.80225619357653
138;-7.573211217169165;8.160767606439947
139;-3.2395228579847193;11.881830041530774
140;2.2286277500519347;15.61516094069664
141;-3.0790007699386774;12.879967417041552
142;1.9246734243934074;18.353975693016668
143;1.6699827333451287;17.082963794901097
144;-9.318913640628761;-7.8667443845840275
145;-5.485673049395902;-8.448278854220057
146;-7.492537806875622;-9.184099813966245
147;-8.70468684530292;-7.942501593777591
148;-8.725400237490108;-7.964989658741911
149;-8.002385354599953;-6.711984725056942
150;-7.806525886522757;-6.025002497829014
151;-5.805071355374118;-11.229251829864738
152;-8.18654621705437;-5.647491384702038
153;-7.3893195557127855;-13.120753644500097
154;-6.591595616449366;-12.038846838576854
155;-8.3641759281465;-8.46780361938344
156;-8.320456133151081;-8.271337475817646
157;-7.158993461663666;-9.824492204685306
158;-8.482457001341729;-9.711410612950589
159;-7.876259396919334;-8.863249501374687
160;-3.917165279307758;-5.9643991204823665
161;-4.988094344191557;-4.583670134059233
162;-8.27794609459268;-9.430114834854024
163;-8.331560357448193;-8.620172571946004
164;-7.956188682563952;-9.514972067856043
165;-7.912438440805195;-8.807102673652528
166;-8.871342381331573;-10.951483361073402
167;-9.33024353698701;-10.420218072902507
168;-7.813587792017724;-7.3453447676297525
169;-7.857900573116001;-8.157100138877182
170;-7.044680489272905;-7.291595999913955
171;-8.078630056191965;1.1715852432234934
172;-8.176599979686928;2.110097156789322
173;1.3777470526619813;14.341487657306848
174;-6.678662608866459;8.348454055078214
175;-7.799089976851696;4.00851960152067
176;-2.4894342171963117;7.692837251238763
177;1.1316894629109326;12.55815885997927
178;2.938907184934245;12.00797624762422
179;-8.169261986905571;5.433937020195124
180;-0.6259281288719396;11.1224955145237
181;2.0742393561808097;9.147495970357644
182;1.6300810173546987;12.02356300012544
183;2.750784179094385;10.317644667663364
184;-1.6047515784250541;8.151420640235669
185;-0.5679905156285352;9.747700240871703
186;3.120324439101642;6.322592571411121
187;2.0306871180213006;6.371677498848159
188;3.0898123142260983;8.041064441052564
189;-8.436076579358689;-4.5652018933370915
190;-8.586850403153075;-5.850977905584116
191;-6.284000890239337;-4.203389411662955
192;-5.364142953707295;-5.2028874751630925
193;-5.716055207683126;-6.122614346953897
194;-5.424328321240575;-4.9104765140903215
195;-8.178222157897082;-2.011497872341432
196;-8.275793701660401;-3.463526246039089
197;-2.5379331833681995;0.15398589582048985
198;4.777172165084566;10.335718161730428
199;4.527370393427531;10.178884651422694
200;3.9286253526621855;10.198519737272466
201;4.2506029811072885;9.428426768964389
202;6.501569936820015;9.668907710821276
203;5.728725097040696;12.618462368524607
204;6.184418643517532;10.914775263684085
205;3.8753368587590766;9.491879692445737
206;2.4996719045716826;7.5529138032892575
207;0.380409372074245;11.216544242156168
208;-0.5483110871230441;11.767379974736738
209;0.30922346231826237;11.916505765054485
210;-1.53867812240081;13.258676464995574
211;-1.3326445102680893;11.915327108017395
212;-1.5932828942945725;12.538845084579505
213;2.6321030904204314;12.052671889725383
214;-2.220404818658259;10.058227044240942
215;0.7810947386549064;14.180415316705188
216;-3.911609862291629;-3.8705764187515648
217;-3.7271522448067254;-5.5965775351145854
218;-6.392156848607025;-9.779788905691719
219;-6.302096666569625;-9.707055594286565
220;-9.27365511655728;-9.61894640801621
221;-7.929910687700609;-11.485899011257853
222;-3.7552273087783843;-8.003635503658034
223;-4.926721852050727;-8.22947148205175
224;-5.68590758220332;-9.872663862284119
225;-7.6349146539736035;2.978119390015492
226;-8.795071134536828;0.22746240872978388
227;-8.162663781116416;0.26190944707013925
228;-9.046130231156958;2.1684571357449394
229;-8.138817923386778;3.650731295751208
230;-8.459469529900883;-0.10124860633747985
231;-6.446027906696362;4.940973699878524
232;-8.088821040489233;3.1577591455124248
233;-11.118713332480601;1.9992442173916647
234;10.172938850365599;-1.906546896647954
235;12.114626287181785;-4.694564911728653
236;9.550295375969851;-4.230624599665882
237;4.531744944898237;-1.8933133737242223
238;8.025914745996552;-6.435465667695698
239;11.792417469894364;-1.6832627907785171
240;10.287866039155842;-6.705751367463229
241;8.750000662430248;-3.1088249492516105
242;12.118546183953567;-2.0782936255992315
243;12.151183349790726;-6.454608040601234
244;12.048578735537554;-10.644386421828969
245;15.679980191180888;-2.375957223624934
246;15.682496992024145;-2.343304676769099
247;10.558110322004248;-2.620770235649707
248;10.874413093687506;-1.929024686518651
249;11.570888570100735;-2.099154237808437
250;13.031371155255748;-1.131040630609137
251;10.36561379762796;1.9684743884122164
252;10.651926296136473;0.9004685877074532
253;11.102431580975892;2.6580894982298755
254;12.456378557047902;1.1045355904481553
255;15.807298190064323;0.27558990170368597
256;15.021456347382717;2.8661596756473138
257;7.809042232161436;-3.8591183185658
258;9.814971592298964;-0.00683811829766453
259;11.732619170763952;1.0886092855021645
260;9.82038023600062;-4.321159991180478
261;12.70607014818672;1.5806816124820122
262;12.746563780420617;3.8394146111126384
263;12.492017498718376;3.4791518036036777
264;13.6692571648922;3.3426233429042087
265;12.000331580671066;2.082964149809315
266;11.580484840668182;2.122091023654139
267;14.048176615115487;0.45400629392828007
268;13.621684786739529;4.47110086048107
269;12.62704280813777;2.6782847300808164
270;18.24574087902286;-0.43609097407827146
271;18.107849735897155;-0.5759677306441002
272;17.475735765043165;-0.0673186376245286
273;17.65250805155149;-0.2620226870537009
274;18.53688617450556;-0.6825363259293667
275;17.070767638607883;-0.08309070044932385
276;18.089661757982725;1.8444675221603832
277;17.283842120704993;-1.2519834067068767
278;16.891120493718976;0.4399218027641921
279;12.277212345525363;-1.2263814276600793
280;12.254202258488368;-3.2219067946774484
281;12.602207832664911;-3.354586734426961
282;12.8868732197631;0.7681445738929105
283;13.288066122009962;-0.01434631007848014
284;12.894795712563665;-0.7882392992334608
285;12.996173603196695;-2.668739711976972
286;12.848243482812533;-2.8289820959459666
287;13.098388119327472;-2.096919427732664
288;3.0447476824583704;-2.8297734988458076
289;-2.9873024184728716;6.61304102234076
290;1.6093116231081122;-0.9180016888820163
291;9.984656290292792;3.9055013445960594
292;-0.235005712901406;6.491635906663862
293;3.155194019027321;8.297770359371945
294;1.2061942448417806;7.899572483870276
295;5.310085356598501;5.814311259734245
296;0.541558517298981;5.083771834448894
297;13.699069560790264;-2.5791582649571176
298;14.288383573223538;-3.2221602952153368
299;14.162816259322483;-2.7259713469156672
300;14.343559120322986;-2.851339003037867
301;14.217401030038848;-1.9732124997539908
302;10.475330092191136;2.3023779799434734
303;10.981216326935717;2.165576470339854
304;6.467069005884349;3.768866583510085
305;8.57097705219992;3.1348948812825337
306;-4.040733957397228;10.441166494156734
307;-2.730850854447832;12.891692028198454
308;-3.3852930426097916;14.700263611589994
309;-2.4518187619712704;13.574675326436441
310;-3.5005846082189844;14.036437813404538
311;-3.4111786362021985;12.131110553357175
312;-1.5362338654201164;14.492717585640891
313;-0.15275019608483997;15.17289922126524
314;-0.26404954626548144;14.496307849261946
315;-11.506623747353492;-6.224265623042233
316;-10.615854937343846;-4.930954446076327
317;-10.219320328558466;-5.275666494081066
318;-10.740783712739344;-5.946593306674775
319;-11.288595141017497;-1.8244420890121027
320;-10.342605974925933;-3.443885406698606
321;-9.193986478548728;-2.9315566782533087
322;-10.164013267851946;-1.8724481538437048
323;-9.902346685117559;-1.9524319614848609
324;-11.643780535364714;-6.9138382894704815
325;-11.282251494369039;-7.035292314108472
326;-10.991552181913777;-5.586935903577201
327;-10.262724907652888;-5.703917386234412
328;-11.220256147283113;-6.530239138879245
329;-10.001423224877687;-5.300274670860243
330;-10.128545139033807;-5.731753912917013
331;-9.129391850136475;-6.649370701701943
332;-11.73626891568653;-5.824471808889038
333;-8.263892594245686;4.082740241309167
334;-6.7525632343186555;-1.6040014916227094
335;-7.333870882111505;-4.024353629630057
336;-7.8522897247754155;-4.321061911493799
337;-2.9754487030313634;5.549559565662998
338;-9.327000822425573;-1.5734726565087718
339;-6.7771940521979595;3.372380157382256
340;-7.146134395151041;-3.3635602141173466
341;-8.281276819358093;-3.966340621377966
342;-1.4624793511926448;-3.9048230857271684
343;-2.663650842508999;-3.050111270978956
344;-0.6116463915173069;-4.612672389139372
345;-0.5703801681524314;-4.2602995732861535
346;-0.9438864678855645;-7.037168918508166
347;3.9644745607483354;2.070541453439397
348;-0.1365020276844129;0.6994937010688472
349;10.566070619445124;0.6792841950368838
350;6.822878348696633;1.0765638447957893
351;-12.053049026324864;2.4266834454591892
352;-13.60331990487344;2.139944590146013
353;-8.9721504025232;3.4341207845270194
354;-11.493147306185657;-0.40881114736482255
355;-10.523477921909235;-0.39102667737616714
356;-11.207515726005402;-0.5607169556312952
357;-11.389769787112899;-0.7911829144759956
358;-10.307815007047747;-3.0235435264178783
359;-9.307741621335271;-3.1057138551608485
360;-8.780263701865895;-7.840993226714912
361;-8.913515425533719;-7.113201941878416
362;-8.924042776089813;-6.697673807172452
363;-10.415781010646116;-6.6538533555945625
364;-12.18808162016649;-10.201141297091446
365;-8.089430190535094;-8.551179988916982
366;-4.477849500329601;-7.168655364577994
367;-3.8395763458940624;-8.043438710307486
368;-5.900394137496482;-4.656765078722826
369;-5.194544842177249;1.2596489511336966
370;-6.487465771794379;0.40066883267830283
371;-3.5241931887935;-0.3375944487511823
372;-5.480498294570329;2.7051167922721344
373;-3.710606287064426;-0.7329059069551943
374;-1.7803240062623775;5.6062396895213125
375;1.6365075429694869;9.077650880347363
376;0.726815056454629;8.771820676934572
377;-2.007687417270424;6.608354275468794
378;-11.077135721918612;-3.651635938699141
379;-10.486948128406413;-1.2072875143449233
380;-9.31719585631027;-2.258200165920862
381;-9.062450356056303;-1.3236923578830067
382;-11.154434955389778;-3.7858652290994392
383;-10.364054322817033;-0.5418339839321169
384;-4.928817597230858;6.901793475579862
385;-9.838899474346723;-0.20732062686852418
386;-10.039118195658256;-0.05637560853065871
387;3.6101667705418174;-4.6009337698792505
388;4.710970830110376;-4.202035652944476
389;2.6938561731821484;-3.2350642534637686
390;2.3728668324588336;-4.393246658189669
391;2.3659058557170587;-4.0050836165255
392;11.041961264571702;5.253354605625214
393;9.313463832396502;2.9085379825275566
394;4.991284211713842;-1.7582709475520466
395;6.59533726923676;-0.5019991827541549
396;8.137629922640146;6.076508203251789
397;10.118401535259757;4.864079087061189
398;8.317116966996993;5.809712265998455
399;9.090973516869832;4.585655328026548
400;8.945007381578606;5.996040659965176
401;7.185279579117466;4.210615969943714
402;7.463011461899444;8.270976275454423
403;5.099215744409315;5.613178447698097
404;7.132669974823347;6.237092896264074
405;3.229750472873978;5.167671519313794
406;4.833685028104921;0.8890946563116859
407;1.871869554769036;0.26031417164779186
408;4.650809244521875;6.305072728821458
409;4.090471081039452;6.09062680749693
410;5.881864031310526;2.674916880984404
411;6.770974351050213;6.390496025901033
412;14.300469557180836;3.417048174274934
413;10.838497582129826;4.292442280247003
414;3.92120299193685;0.1865619272782697
415;7.375253468374434;0.9661036000514251
416;7.633686699810643;-1.6225489681160736
417;8.144228037426165;1.000399793190295
418;6.426375141343537;-1.3184942320842896
419;6.879892076595471;1.4150354983164992
420;10.321904812592178;0.9292457680233518
421;4.737994942035651;2.4807807797727683
422;7.767489984144628;-0.792229691786132
423;13.865107941391887;-2.5672957043227753
424;12.831607258058952;0.5625094005420459
425;13.584020436309176;-1.7174063134522088
426;14.525012603881834;-2.2030777335521914
427;5.844585590915574;-6.108975507063964
428;14.116596533597754;-2.116253989271755
429;14.443961032555068;-2.748580852909728
430;13.824337633791679;-2.365516240781967
431;12.890331274298562;0.3113281053589584
432;5.325556502450594;0.1904752234391029
433;4.533827468814955;-1.9098190875925807
434;5.283246780240497;-1.1368967567006452
435;7.6952216400679205;2.7907630188276986
436;9.730817106852742;0.7115903708000482
437;7.712301581031509;2.5058567562815064
438;8.672895012318572;2.655263265685655
439;7.367612839985311;4.1102817627477926
440;8.459954708196582;2.0593845520729417
441;9.653161456504389;8.656044035960305
442;11.268376690353364;6.786244888146023
443;10.992291405511905;6.9792330958587865
444;6.4255446340610165;1.4147529906519127
445;8.176546483858926;2.1550618839826208
446;9.694464926128594;3.7684642674869635
447;10.639908220915194;7.860556422532144
448;11.977209975702593;7.629363305719637
449;9.08822098761133;5.295867211605435
450;12.738910155986442;0.5086562622607922
451;14.253455707147419;1.0024646654847016
452;13.799019346599946;1.3722914340282315
453;14.045119574326261;1.0723260145151519
454;14.253466425021953;0.27218621535153625
455;13.477482438931101;0.7103061834418248
456;13.597898769894499;3.0029154180776207
457;10.761446441806264;2.7444972853679412
458;14.165451419493793;1.2297773924166224
459;12.48548573381289;2.354709173064748
460;11.211804446566202;3.3755861494946062
461;10.35448809913279;3.416796527932171
462;9.404373630155208;3.9970871140707778
463;5.298874477332307;1.153459340441402
464;4.096512851529508;1.9578493412879825
465;3.5680117772319817;2.0889619004208644
466;5.621010356125946;3.263705521071964
467;10.00714889683595;2.4952746170289744
468;4.130956364791424;11.545805789335962
469;3.6776509187945043;9.003304569978487
470;5.660029346196638;11.991256995686527
471;5.103890344115002;10.536643865379245
472;2.0650289909710704;9.973715960768187
473;3.3276027799810604;10.117320029879865
474;3.9435492805430497;10.456088387187934
475;4.237168813438479;8.323964497498975
476;0.8799338209208728;5.410898940673134
477;0.04035545290314072;-0.682184188732751
478;-2.663501679662028;-2.888572618779812
479;-1.9204112129849746;-2.1621461565837627
480;-2.131915696692194;-2.4332324189185592
481;-3.7260587038526145;-5.857575457792994
482;-1.4557089598022948;2.8240597378930103
483;-0.5460427878347276;2.212457397466707
484;-0.46099852680266373;-3.5644595327390114
485;0.4429785332373966;0.609804858321169
486;-0.09036021121691765;8.51190419475877
487;-0.6399516058789587;2.9969723786327713
488;1.4383972371116918;4.936188191559914
489;3.3723953585490403;6.2852158572493
490;1.3356953769306656;5.014108951957951
491;3.023053205416963;4.051545321582642
492;-0.8188940973866072;4.222428576484655
493;2.086192476296873;6.117632081572524
494;2.4489921266265364;5.134779668101535
495;7.650973909650874;-7.958886842797899
496;6.608994649986112;-9.458440434273196
497;7.586427368164978;-9.21037910118986
498;8.243283013004149;-8.403920261450528
499;9.740007628561978;-7.620278727711545
500;8.034148051083978;-10.750788895040523
501;8.45048437559434;-9.341662161886235
502;10.088724213317471;-2.226107672678225
503;9.093152878855125;-4.749954900616818
504;1.006869695686676;9.763923523246824
505;-2.965955790073149;8.90546638015181
506;-0.3404505339851693;12.610186537686626
507;4.106966944053793;5.90360583617096
508;4.038233080204467;12.057206260618116
509;4.382761415391872;12.99971152557026
510;-0.6262849627983992;9.746444216017512
511;0.18537477478474662;10.31786972260834
512;4.068037851562697;8.291907841343905
513;-9.394171311809437;-7.22581204584854
514;-7.783078556309553;-6.932926002817554
515;-6.8502486736528745;-10.23844309325347
516;-7.379566713491488;-9.671523162910391
517;-9.190033110143938;-9.930832769603164
518;-5.017318501085418;-2.1680355983382493
519;-5.45443450444722;-3.858636915929397
520;-6.785049886580192;-3.079823918348311
521;-2.1759763311561504;-0.31883414213550854
522;2.7712680271291696;0.42576708259070006
523;2.1546679399109157;1.371673205222342
524;5.653517249405213;1.6529365896263775
525;4.546382900190293;1.7983805719295791
526;1.3789424032371742;0.7842874478581437
527;3.3883048519295054;0.9481691849083993
528;3.41479298951029;0.6923787106002651
529;5.156464102497398;3.16631506570313
530;9.276733681607878;3.514395389082643
531;4.508511156053056;4.567821812343358
532;5.635374844875597;3.91438964101073
533;6.3091219187273735;2.7734096829991137
534;4.3702503432177116;2.7319452698897937
535;3.7151075961487883;6.067749545354205
536;7.201137406284399;2.7581285601787835
537;5.382059022669724;5.978541375286681
538;5.879177161707342;5.7867773523716055
539;3.434727202789146;8.98778464587414
540;9.084978281362869;-1.3004495618353649
541;9.112567946415098;-1.4965298765387351
542;5.334895874562668;0.3045313072209514
543;5.701530968350487;2.303031126839421
544;7.105017325287028;3.4035353592873308
545;11.408351125320129;3.909117262153554
546;9.756615197563239;2.9597800209758973
547;8.31950866018608;4.633681912125514
548;9.145101907009229;4.647152031832638
549;3.4432224977469255;11.47596394551922
550;1.01654153735553;11.038238346385892
551;0.7785676322465077;11.137702160370992
552;5.001647565582388;10.631053976396844
553;-0.7174032027603449;4.870856834347739
554;0.05950399846813137;11.673773730916883
555;2.2287860481043382;9.165549040596296
556;1.7071933259386303;12.446860277004332
557;3.5971294456945544;12.425573999353679
558;-1.2102995750089633;12.97765881267986
559;-0.7707905104800251;12.955714552361723
560;-0.19677120228219416;11.494876352265074
561;-2.4347874944043446;12.220604123118608
562;-1.7966914908604044;13.063618483939079
563;-2.130286857872143;12.554421148742229
564;0.5328589956624264;13.129425996505304
565;0.7852113326422993;13.235339749169066
566;-0.3416233149167642;12.449833717474007
567;6.325322768329891;9.174477149766078
568;2.8966438084385837;11.697269492070799
569;2.5738104095176326;9.617654974272565
570;2.304541910774448;11.52553374633062
571;4.970333209872861;6.455496472980109
572;2.3338719455316603;9.31383815446606
573;5.98068432580305;10.368043408803013
574;1.948046974252868;7.644468605571559
575;3.5510634903778615;5.935907669074155
576;1.963304473504296;1.4243917494139997
577;3.1421413194023313;0.8054803085937575
578;5.473102287207254;3.1362168734982485
579;5.793702931371467;4.336450894522339
580;6.589605661666352;8.501781051283887
581;7.324981656737463;8.669155278889638
582;6.272638648346991;9.589412836808506
583;7.04012845941166;9.389293095728943
584;5.559255648265012;7.75256786278975
585;11.842256687831417;-0.4709718210270286
586;9.506579237776126;-2.328787606614475
587;8.61393914990317;0.08033645392682232
588;4.986026098739356;1.7928950508444774
589;9.613060266972736;-0.436301807802339
590;7.213342765986622;-0.10328212132887488
591;10.068754061606807;-1.145098112532685
592;9.2532822664981;-0.8214887590392604
593;10.652215151415454;-1.5301685443418072
594;3.4154009269056345;2.40278549068943
595;1.192119686803073;-0.5748739690251529
596;3.4066170223079966;0.44296235818433566
597;4.813930474153083;1.6074229948375023
598;5.137252915202471;1.3323720545881064
599;5.548616965952575;1.1218194001458839
600;5.0581758734051006;-3.193061277083704
601;2.7085070993768956;1.8590950334205878
602;1.2183880447017983;-0.23706923283795564
603;8.683111385026871;0.9950665615588897
604;10.911503863367521;-0.9713874129657123
605;9.714672102389747;-2.34870652534064
606;9.231065627561067;-2.5392282710595278
607;8.9283600153288;-2.189986812587555
608;8.982534325169299;-1.6969082675617608
609;11.593462418930978;-1.7293639631011268
610;9.552077787334644;4.282578089281545
611;10.024635356048398;1.3664511813785372
612;-3.9244612439426536;5.306477043369363
613;-4.110445837746115;6.261763674683659
614;-7.099125165155672;4.406926406887994
615;-6.582131645087499;6.0703441044708075
616;-5.417633158012616;8.39843699761651
617;-1.091973304480217;12.391860419947909
618;-2.6862841275215814;9.075097859786974
619;-1.4659963880760376;9.596606960268497
620;-0.0329578027244559;4.789377804668335
621;-7.2113075653469325;2.362295555604688
622;-7.479495545478317;1.12827712448425
623;-8.272656037638232;2.4424072848282115
624;-8.893174665607498;1.7652641216271365
625;-5.167742074039518;3.8009487851539245
626;-7.82455321731541;4.091059689161187
627;-7.550398831791193;5.251885775504767
628;-6.124389286864551;5.57152741429737
629;-4.664836330638127;7.520643675986749
630;7.611886353844354;7.165561329933031
631;11.590932246631848;7.610362034077603
632;13.550338314844494;4.002073594352094
633;14.594434713379735;-2.5336691984538056
634;14.917401804363427;-1.9674550974964877
635;15.513036883880932;-0.49387698351077924
636;17.064601800165462;2.0101388841362717
637;6.510642106462991;-0.36602720583363396
638;10.384135019132376;3.6807825134499925
639;2.383411588450493;-1.7032082446600851
640;-1.6720162499312152;-0.6393609041378469
641;5.426621890625321;3.0307231592188617
642;0.9923534146073646;2.7100185911075196
643;5.349607885742182;0.2610925781645546
644;6.326111206559526;-1.5221343032137156
645;-1.2226930270138208;-3.824475265586133
646;2.608773970480019;-6.8151946389682685
647;5.9180478409786526;2.4508064279495696
648;10.247640463963723;2.010125887789223
649;9.11650197822124;2.4683451555661473
650;9.760647460178737;0.9520501932157402
651;6.002940364487444;4.120680045673786
652;8.920015481615966;2.3423274979036046
653;12.424540797906262;9.959421487414572
654;11.431564527072284;5.5219014141524445
655;8.087566903010343;5.590909844948687
656;7.2799679221255005;5.947692840785832
657;-6.976020915684806;4.0114394708458985
658;-6.770306114653844;3.9884071544850728
659;-9.241621559859658;0.16928542567928803
660;-7.019069436059322;-0.2710693375171418
661;-6.955662133279495;3.0313392139558415
662;6.878818968831267;9.608250254506077
663;-0.044428978582104116;5.600298852404219
664;-2.173155909611178;7.453623499046208
665;-2.7757600233398207;5.390225670503084
666;-1.3250742808505027;-1.3587929475710625
667;2.6418864732149334;0.9724501786075673
668;-1.4371887783407236;0.2674202445117711
669;-1.5654778443476878;-0.6699446300609123
670;9.012326904421663;3.6333066426301444
671;-0.009914442466131141;2.5006872107349754
672;-2.2609441526565424;-6.2185782728986485
673;6.0601510962110225;5.464014864246236
674;1.4423734584682106;4.827972081197985
675;3.3220301826023326;-3.6080670912151893
676;5.606982425176078;-4.2675969875588065
677;0.40759975286921024;0.752468157737961
678;-0.26707184412084417;-3.944326178003056
679;3.838374006188897;-0.6563144399314473
680;1.32805219053332;4.6302973578846425
681;3.155976560385153;1.4556050219178776
682;-0.23781717759787668;0.8525664823911238
683;3.2242228859783286;1.8240157621013666
684;6.748646102757406;0.09825233480837019
685;6.224133681546618;1.8072083253519284
686;5.8182037661081205;0.054234202193771876
687;4.7985003527412395;-0.00016992186445404607
688;10.427738690484485;3.48731385811054
689;6.157848992034503;-0.1592327184664627
690;5.83388981540887;-0.18257886074082744
691;8.9850129951246;-3.743823926512849
692;4.368704326831169;-3.1258508210125933
693;11.318766240970039;7.544129474773703
694;9.786984002596618;7.515378646471702
695;10.045534223684022;7.489797615627931
696;9.805859368625486;8.880233027123445
697;9.230683561254859;6.239771269221167
698;7.552401062985784;5.100083789364037
699;7.837940635030761;8.192388633106864
700;9.370689599175739;7.4967077146289816
701;8.600456911157156;10.120233290361922
702;-2.2500452553697436;7.6468504041431755
703;-0.10484396807896673;7.624377603990861
704;-0.48502842409384855;9.139901722722819
705;0.30072524539783135;7.2737463637085416
706;-5.100727008588237;-0.3651223100888207
707;2.4614678457728156;-0.4120465612320905
708;2.984205548971356;1.0621603448352301
709;2.376096223709796;7.2063923919125505
710;-3.7528924272030166;7.9672978401071175
711;5.274798313095397;1.237710457754685
712;4.723154676589496;0.34898851942996484
713;7.148712210183951;2.0602183165557726
714;6.375579023458891;2.2830562737325213
715;9.426415457012427;4.2124934396619365
716;6.313449286278273;1.7015028488406503
717;10.77299006965983;3.640207327844362
718;7.509529905966739;-0.22838625379867342
719;7.609292963485795;-0.1740718010267341
720;1.3132854643979708;6.585383495259795
721;9.968327821039528;9.40577677332139
722;9.709982157797972;10.123751831352587
723;8.819994194033645;9.807773549695332
724;4.109710164135019;2.1738209942481475
725;1.3621264222711065;2.332925202944953
726;1.28476432461552;2.0469755657919597
727;5.25503183724006;4.956456096648953
728;7.02184541500727;5.141739475974475
729;6.591113963512634;3.627175105593254
730;9.033066204196434;5.4280668002076435
731;5.895365546399086;2.493827300650502
732;3.8256287448282875;-1.157542961878537
733;8.120311610686375;6.916699864046846
734;9.251070873429192;7.085572448590095
735;8.187009528508367;4.560698862423966
736;7.950619293308221;4.220797544510025
737;3.00081455486727;-3.132379157325101
738;-4.139052648071134;-3.4805050514902574
739;-3.2170353665287434;-3.3647648578715073
740;-2.094887451864049;-6.476540063093904
741;-2.0495564598349434;-1.6227864384373667
742;-2.1378817097701837;-2.9734746882437273
743;-2.2871187033627223;-0.9441000289716251
744;-1.961519167743353;0.5340832571249604
745;1.9271601888157512;1.9693520106581819
746;-1.1049257199033549;0.5022933716726402
747;1.2580641512297293;1.9266533042134846
748;2.876059041752066;5.24860853444895
749;2.4785450100495567;5.902511434943566
750;6.356611848779237;5.764564266486009
751;6.091204140949318;5.114676133074869
752;2.1251901671586384;3.716552213761176
753;4.343336383793976;4.544012883986035
754;6.338720190409315;5.954083063235791
755;4.926335454787098;6.28916264838063
756;-4.708463296777122;-4.88377507965313
757;-2.6685464370421;-8.721576755478036
758;4.951062493007575;0.6688674562173795
759;4.078315212413009;-1.6421957766617963
760;-1.1394158296506627;0.3391146463681356
761;-3.977392636533489;-1.6957832186871495
762;2.8862001653804783;3.2730433349126162
763;3.31824728153714;3.4785007831191668
764;3.441886354715423;1.3729811654607509
765;-7.545836060694382;-3.4740875814967174
766;-8.802773135600491;-0.5683066355267712
767;-8.987603257614083;-1.9818699780035351
768;-9.131350144279473;-1.1574490611105044
769;-6.926118591222685;1.178809763302153
770;-7.452108970595147;-0.014852274800233847
771;-4.816563331552565;2.081334986960279
772;-11.78154134389681;-1.4733911333035776
773;-8.265696420022076;-0.6079922552133308
774;1.5435599977070233;6.084363833599854
775;0.25995308208576684;6.050177527271718
776;0.9750483787640565;4.428974344057172
777;4.351558305535358;4.344919572845773
778;1.8957077461162373;8.58319758047359
779;5.538254793073999;7.239585481376411
780;3.533810509373212;4.5639834512304285
781;4.443457132810397;4.474578128045023
782;4.775853272719855;3.70290501118173
783;-4.269750963306413;-0.2623230501226613
784;-5.180627221900408;-0.15560242527241677
785;-4.986629601293956;1.4322383016588247
786;-3.634055620196076;0.05241892634423465
787;1.2163296619956976;7.290021747096187
788;1.8448948676164576;7.186682228462836
789;4.015598157996094;10.970559954125953
790;-2.5555071382876875;5.001079893942368
791;0.09615994257234914;7.738628994413743
792;-4.1596144275358125;-0.28819109781325963
793;-2.261589062876258;-1.4356938795205303
794;-0.7429035378517134;-2.8852948373712137
795;0.5880027789625417;-0.0377617641611998
796;-2.9028628272468353;2.067532569116723
797;2.45338754440822;5.604411373170066
798;-0.4512816016582721;5.168401909921746
799;-1.1081799883365644;2.7641755187603776
800;-2.2524010684365297;0.9027801421895033
801;2.6695610453021006;-3.2876252476450074
802;2.5666963172117487;-3.8088554673535557
803;2.1556629442144892;-2.5550850996195114
804;1.8619132204980473;-2.075483727270861
805;3.265165276365888;1.4971003486289458
806;2.037770854786777;2.4572284728243066
807;7.3352996525906;3.3052139076969196
808;2.795336617914197;3.716788739713695
809;0.6970279408797326;3.580528515082398
810;-6.9055080440203005;7.55575631941894
811;-7.6058168384238565;5.343791474864035
812;-5.12858522226252;3.880388213422014
813;-4.168391519583247;5.382506676308195
814;-5.493944611678683;5.940689066543591
815;-2.876941186422878;5.185483508641652
816;-2.852216204650365;9.648566134467908
817;-5.259083701462067;9.576114390034581
818;-3.7453318049093114;8.373480505743135
819;-2.9185335639985337;-5.114295490788018
820;-4.912261825097673;-8.114433582299954
821;-4.603854926534478;-8.298263040910538
822;-7.772837017948462;-8.237322095128526
823;-8.457863968754202;-6.849257537970195
824;-5.579103706618828;-2.553232769623198
825;-3.8138228891999066;-3.7821791732418313
826;0.47457558744683265;-1.8912439845636873
827;3.588917565523763;2.8439147413090935
828;0.2553481138038057;-4.931977926575711
829;1.7190777269936082;-4.8878348158709075
830;-1.0035710788649714;-7.366160442357626
831;-0.07404229656478169;-6.575959056883162
832;-0.971453655175081;-3.898385278276829
833;4.315673814627694;-2.4632904497595733
834;-0.5080516448018856;-3.1449320500184537
835;-1.808829636872671;-3.9257206853957536
836;-0.8476355795543533;-3.2802851163026596
837;-2.4749865938836066;-14.042131589543276
838;1.9517635168149448;-13.540812199807172
839;-4.855041927705317;-10.733388559185736
840;-3.739336658217137;-12.19682738777279
841;-1.3212610300250143;-13.568341838084857
842;-1.177700416127647;-14.39823454170203
843;-3.910546392747917;-16.274675730671248
844;-4.89149277344272;-12.641670227866202
845;-2.0840824892747647;-10.93160876824879
846;9.3492793414513;-12.632901978485139
847;10.420333256036084;-8.733039049017801
848;8.080494771624286;-14.869741715712522
849;9.767108512085782;-6.747815554192226
850;13.005249959624834;-5.562247355369335
851;10.531769921633291;-7.464226046405228
852;9.69186396341784;-7.123947931657454
853;8.818377832477005;-5.143731700195491
854;3.3276784213996655;-12.167002702944306
855;7.383368984693188;-14.219158612190876
856;8.525441180741597;-9.754896237476377
857;4.417477635661952;-16.930239666841988
858;7.887566569389983;-16.968058803785116
859;3.4807849770182444;-13.226140113804032
860;8.14766742030976;-12.214757383070959
861;0.5552216054115929;-11.719870203355118
862;3.8481148786699224;-11.174951512616971
863;4.601299327066376;-9.368918929122044
864;7.516398898896711;-13.847057812174041
865;7.104147330612991;-11.346192815265711
866;4.780107853956408;-11.714182401313035
867;4.892403764254878;-11.215063374883202
868;4.830204402241679;-10.67072182728967
869;6.724250922100559;-14.842263096057167
870;3.1820001301167484;-15.683376610538513
871;4.374780037622242;-13.6193531227733
872;5.064183062171564;-12.235660471085092
873;14.322485615248643;-7.570296701835997
874;14.043369056516076;-6.7873303419395725
875;11.04792037980655;-7.106717887617139
876;12.459650435318396;-5.3902715850726
877;12.999895902684498;-7.143032874091335
878;17.54614961384223;-6.532035519143466
879;6.72193394280104;-7.9397261063837865
880;7.514488573572631;-5.970594644110227
881;8.132470362212672;-6.853258226663445
882;-6.426290597413984;-4.572852604624817
883;-7.456503299025073;-2.6202548356013473
884;-7.919300856254823;-2.1974067899548277
885;-8.840522452970726;-2.1549008860368297
886;-10.087171923219532;-2.276386229795958
887;-9.595237646947464;-3.741163297740044
888;-9.551797042487793;-4.166430898150223
889;-7.589770714591141;-2.930668484263521
890;-10.524353081569096;-7.245646865036416
891;-8.492796316637806;7.257875456057928
892;-7.856809481869615;6.640789250056234
893;-8.543429384412464;5.956408053605962
894;-7.3788289819945785;8.535097161827656
895;-7.461193740614154;7.073911496934223
896;-7.334327083423311;8.25378405981858
897;-5.905988310766912;8.883707689749338
898;-2.5920037642238802;6.518082919474781
899;-2.1045812236678922;5.150839637789281
900;-6.3622427924782885;0.2614236790652877
901;-5.34555352253519;1.7220450833183023
902;-5.390846965276657;1.7541735450557647
903;-3.037379496639356;1.292738353972986
904;-2.825166291513512;0.279673481325643
905;-5.35543923906663;2.5784016484835703
906;-6.226885926299402;0.4240220346751313
907;-5.313795548219888;0.8973635355825818
908;-7.709465244782053;1.4323679622917218
909;-5.468206026765461;-7.262437321727334
910;-5.481830016965621;-8.471606372108802
911;-7.3986046049781;-10.155673072897388
912;-2.637052984922927;-6.316278632586012
913;-3.8710212536725326;-1.5842188782396602
914;-6.620673812138893;-3.39711217171475
915;-7.799406362991332;-10.289379795204805
916;-6.895256783416198;-9.42780587625867
917;-6.49425537912872;-6.503157377781496
918;4.765228580941244;4.131372226550901
919;6.253546758677148;3.1020627136229217
920;0.9253344746804444;10.522428980420521
921;6.860752366275211;10.053175628329123
922;1.424727593564761;5.3826410821237305
923;11.915354638416852;5.699422929575017
924;5.202344087700721;6.934274929341296
925;4.411530368090099;6.910273221868864
926;10.19459036159961;6.339907871771012
927;13.213044756333817;1.9315475300511087
928;11.523615248020857;-0.45852892258321715
929;15.085942999881022;-3.381589415451309
930;10.876187061139188;-2.164447021609883
931;12.495220292533421;-2.0004110219874436
932;15.977000491164539;0.4923859250546507
933;11.34722010551227;6.318172644927748
934;12.463806064340226;6.476784724100193
935;13.700170474936957;-2.4087897316915554
936;-0.6607280089151996;6.069957534441007
937;2.589872114866781;5.279678097002592
938;7.371723710050563;9.339084702905009
939;5.934813539699201;8.006724884468994
940;10.020321591969433;10.732244389196355
941;-2.060319068306664;3.836454852987213
942;9.854256706495782;5.6702198670208155
943;9.353637965059372;5.491324341619679
944;12.204287419835476;8.987067557686341
945;14.54412995777735;0.7614775257941797
946;14.484318793976945;1.255650220132767
947;14.22648308641408;-1.0862462681194356
948;14.589967040232658;1.9144104182924038
949;10.175541476168679;4.469037093214694
950;9.687662886186299;5.465071724352084
951;10.562763123617303;4.378354553879566
952;14.80090449635107;6.301102787894151
953;7.204333603003149;4.454169871575013
954;10.335837763435423;0.4620719275632379
955;7.864823594738189;2.6238448402638173
956;9.991855597533645;3.108553668040533
957;7.986417556448;4.4552509365460695
958;10.404407899856107;3.630858981489681
959;9.521963813104774;4.401040249679284
960;10.626739846332551;2.675761029146315
961;5.083414709696835;3.173017305405109
962;5.483178235195214;4.5901459590881935
963;-3.3051817849289558;-2.095843842230698
964;-4.9311721360235605;-0.010966031842116721
965;-6.442742226406445;-3.950218682110723
966;-4.3977813889527235;1.7117246574271472
967;0.8606485793510924;5.127752885307041
968;-2.255633375486382;3.8925661354632095
969;-2.419623485161335;1.7743358048506168
970;5.543461147355966;3.615607259945392
971;2.8936939169829463;5.29680987058928
972;-3.0810501830061496;-3.780334797727241
973;-2.5903845487442485;-3.562906931190552
974;3.055244582924094;-3.144500203732706
975;0.7902659623173625;-5.206809098139201
976;3.680316092459077;3.057216668139798
977;9.24730735045937;1.7112829194472658
978;5.248252712827825;-2.6150884027443415
979;3.508529679795602;-2.5449926563312033
980;3.7354094689688684;-1.5242986775705165
981;-8.11925073487017;4.940702716430204
982;-7.914274349219337;1.2901891471552407
983;-5.057958606534436;5.983579908384605
984;-6.299366463176775;6.105151671856117
985;-7.296095900336317;7.4745348575373205
986;-6.035984562720382;3.0656229630872334
987;-4.090092646496461;4.5458960371662664
988;-3.3088023348037487;5.813455542210886
989;-6.082791673300848;1.1909365451824645
990;-5.423405607060519;2.8936838951348314
991;-3.473349539747785;7.786226886843551
992;-3.887978010715843;8.167781624697504
993;-0.62152698391309;2.8079244533248726
994;-1.412761740182164;6.643186931139949
995;4.555288504677704;8.626227449891811
996;1.6519911319468459;6.333433906995674
997;0.6177447148725395;8.083280821598267
998;-5.836326885632143;1.5407654152154016
999;-1.9568134132079709;-6.9581112075690505
1000;2.0620544646919297;-3.765842974099972
1001;-4.819272225160034;-5.747456388039261
1002;5.127667650261645;-2.9926034149337966
1003;2.148470303878061;-2.0869520638314136
1004;4.625034048259085;-1.2410763324373633
1005;3.226465625005321;1.0107515904608342
1006;2.995083285965739;1.7153313140876352
1007;3.6288247798512945;1.6454112663632023
1008;-5.8836076329086175;4.108319614115727
1009;-9.10510091393591;5.041072396020141
1010;-8.625923486685114;4.659064811571416
1011;-7.517476845963932;4.807533067388879
1012;-7.820192665369616;10.263766159622971
1013;-8.803039505116303;5.262617815550772
1014;-8.16275891367563;4.803669997081975
1015;-10.229466993829735;4.4932813613838585
1016;-8.943306177111898;5.055032537831465
1017;-1.6541105887539589;6.714292790306846
1018;-2.126796603397684;6.481929815940089
1019;-1.5422963904686238;10.038733627957546
1020;-4.030151426073724;4.489818531691592
1021;-2.7926590476550093;5.783759912316466
1022;-3.0044738592119233;9.188562033378618
1023;-2.666049291590355;9.830470367782647
1024;-1.2117472425181481;7.605614178230591
1025;-3.4813949743628503;11.079491312271088
1026;12.083552844805453;-8.95545770958313
1027;11.674684275025344;-6.862555795457388
1028;12.185530678155589;-7.694875494549851
1029;11.236185398058119;-7.062500761745122
1030;15.949320203217606;-4.611835013334587
1031;16.283228702019034;-5.303711784557571
1032;11.567889184175822;-7.812223456962348
1033;12.416429462671667;-4.8693722207716785
1034;12.155501815666039;-6.546126219844831
1035;-3.071971918742126;8.286695010782136
1036;3.4100043744592985;13.719373600580164
1037;-0.7700583008869132;9.945080381861056
1038;1.631568244921184;14.957665795888362
1039;-8.973578353930739;2.5572333991829233
1040;-9.914273825000816;-0.2952308948704398
1041;-9.831865243615937;-1.2106524112206234
1042;-8.82455214286895;-3.131559850950227
1043;-10.021709241829944;-1.1139118259046485
1044;-7.208468221106896;-0.43090411485106117
1045;-6.689772119753984;0.7794728511610631
1046;-6.728595342340665;-1.7080392588594118
1047;-7.5108952437679255;-6.419652070978238
1048;-9.522363193904118;-7.472204336319187
1049;-5.825839188410473;-3.017112516590319
1050;-7.065787141520038;-3.3187076877341743
1051;-1.163928239992375;-1.2989277766224918
1052;-2.5167478608508427;-2.0935068366125593
1053;-3.161977144691986;7.085441272374843
1054;-2.933400445588685;8.710158783167293
1055;-0.4191836891257402;9.736210323613584
1056;-3.7099810343820696;7.42686424024709
1057;-4.5051281652771396;5.433060325319107
1058;-6.551333037191985;0.5877845834893268
1059;-4.420267754447673;6.3159081018787635
1060;-2.3961071329434436;10.687076762987907
1061;-2.9660799436810175;9.866161235452978
1062;10.07151066125395;-9.928349892099325
1063;8.644413458139812;-8.659424340596532
1064;10.351033079486395;-7.993303482101279
1065;9.112102708235465;-9.114559394353748
1066;9.422162741968421;-9.22634382728439
1067;10.361664555058955;-8.615881513183954
1068;14.3371455550217;-5.371517625887397
1069;12.204773220391148;-5.036085013878117
1070;5.685559665126789;-8.458709258136965
1071;11.14050617136299;1.5819424265022723
1072;10.649091581732344;2.6412978817165134
1073;10.1427084485367;-0.10058470721066917
1074;6.119633874726468;3.466056203447514
1075;14.654434948797356;2.002859261619237
1076;13.357187259864618;2.315393162627262
1077;13.719748241585659;1.4324317081752127
1078;12.270557223654196;0.770505512554792
1079;14.098473022481047;2.2012661263087767
1080;11.87966128939804;-9.569204126470048
1081;12.197812499638589;-8.113201877022975
1082;16.40449573599868;-7.409687134357738
1083;14.804878278576185;-7.365936014699936
1084;13.393787798825027;-3.936628176816988
1085;5.795587834234847;-2.983488346419838
1086;6.706799682213287;-3.8850260949037723
1087;14.069218906830297;-4.701314771905913
1088;4.183946798925896;-3.3221113199694883
1089;1.8622170453267666;-7.322402099413196
1090;6.60096246941514;-6.403494143263483
1091;3.497586943524818;-12.847775768569518
1092;10.3727964024151;1.3420029784597365
1093;4.583951580602648;-4.700983830693025
1094;13.398289242514476;-0.002645113801215116
1095;8.954286534431139;-6.588451258187285
1096;5.920644838922661;-2.5776089036422976
1097;9.335293202350929;-6.353806006166614
1098;8.26401909913663;-6.607820668983621
1099;8.722840036353029;-7.780640189651606
1100;9.609928305664086;-0.30080359145128477
1101;8.10832430386878;-2.0351605760075353
1102;7.439937663381692;-3.731177476893901
1103;4.089780998917289;-2.2772093016262267
1104;3.7199178571736917;-2.9466501619136842
1105;11.914932322897327;-6.268685290601583
1106;9.137803782717896;1.0200913890726115
1107;14.664210188808584;-3.135992749247746
1108;16.68453553844978;-2.3612136947521645
1109;14.466297476113636;-0.9500575075191344
1110;14.811046027258056;-3.085353558433079
1111;15.427566524959522;-3.201431362960453
1112;15.851324588801905;-1.1757616614779827
1113;17.14969670833514;0.8032393893586522
1114;17.380076456795365;-0.3516213882139487
1115;15.264832167788706;-2.8413093052353147
1116;15.319345513355454;-2.8282645806365694
1117;17.383109877152464;-0.8244694492292305
1118;15.50805931833675;-1.9837800378716417
1119;12.66740276734514;-5.489205456656101
1120;17.11889278178671;-1.8493794655039546
1121;17.188720611985826;0.05432254470669478
1122;17.068284671567437;-0.15543841321487448
1123;17.022248259575388;-0.24597790088309465
1124;16.64017972929625;-0.027111267572443615
1125;6.343364154691809;-10.470301586779367
1126;5.157299745522538;-7.551181097032656
1127;5.919695497603735;-5.905961450910079
1128;11.904242267500791;-3.845254740359565
1129;5.975829074864544;-12.88085441785285
1130;10.087862480925086;-8.321215754702969
1131;8.869176310350747;-5.786638381360312
1132;7.382367849641897;-5.184687175330164
1133;7.746352319562657;-3.782202857485457
1134;15.698401539182331;-7.628258932527373
1135;15.284360671155943;-6.284670709636703
1136;17.42551448755219;-4.948407021987336
1137;14.70416303515217;-5.212437732380743
1138;15.711364231463781;-6.791588386817215
1139;10.701940960430804;-2.8284377996370673
1140;14.178051121063671;-0.8375152811253784
1141;14.801835962219865;-2.958014750598757
1142;12.61499831932749;-4.8685376962583256
1143;15.704759333936856;-9.860434786811425
1144;9.025772974005156;-8.416635057588628
1145;7.1658250709300315;-8.6786567221322
1146;12.021367496791187;-5.544296237718102
1147;13.665049391320442;-5.363969106096506
1148;14.346244792930966;-8.701277208643488
1149;12.595445843404816;-5.789059844798141
1150;10.929229985830077;-6.311067010260641
1151;15.879775275001663;-7.288125630714839
1152;1.7001996868499618;-1.0976243170329238
1153;5.239817777110085;2.443274350229172
1154;2.9787647962676975;-0.9925240281868511
1155;2.1179491298686797;1.4746545562525823
1156;3.1789162797193216;0.6314367409729702
1157;2.6115183452650035;-2.262457949114037
1158;6.962016335391792;2.934720730643387
1159;2.0754192450095577;6.400471938518731
1160;2.5388211182166223;5.38442197764116
1161;2.667091158775138;12.81876091384288
1162;-0.7206955973812055;10.621172041994903
1163;-0.38941565851926885;12.454530809562662
1164;1.2790304880094199;13.174673881392787
1165;1.538415047857592;14.768208644985933
1166;-3.1729128625930825;11.990485276235088
1167;1.8090955394226842;15.359138549528312
1168;-4.1947241813888185;6.77908371487181
1169;-0.18869876626629745;11.415906986070036
1170;-3.9552516024388256;3.4376496023859877
1171;-3.5041924125132113;4.772548484245248
1172;-2.803652349698264;4.561818238670752
1173;-2.621761859433646;3.813542342576515
1174;-3.7661916288160153;3.686826914640843
1175;-4.693563477951614;4.293499236809042
1176;-5.439176701590989;5.510882409769725
1177;-5.098466569702541;8.029457713395377
1178;-5.049701333663838;7.550924698555363
